Image,PSNR,SSIM,MAE,LPIPS,DeltaE,Category
blur_1.png,40.50063987135004,0.9855873,0.0014340547,0.016666565090417862,0.23395997285842896,good
blur_2.png,37.98264194105159,0.9823968,0.001701409,0.026047227904200554,0.21987469494342804,good
blur_3.png,39.681465400321144,0.9848054,0.0014661076,0.01572399213910103,0.24094048142433167,good
blur_4.png,36.112547819668805,0.9710641,0.0023786884,0.049133144319057465,0.2603082060813904,good
blur_5.png,40.00961560378584,0.98287755,0.0017254986,0.016196871176362038,0.3068558871746063,good
blur_6.png,36.14851643295241,0.97449607,0.0023636336,0.037070415914058685,0.30348992347717285,good
